fold,DSC,IOU,clDice,1-Betti
1,0.846017,0.733318,0.844663,2.239259
2,0.852170,0.742527,0.860270,1.623704
3,0.820591,0.696107,0.841357,2.001481
4,0.803734,0.672176,0.842040,1.339259
5,0.808913,0.679404,0.843223,0.714444
average,0.826285,0.704707,0.846311,1.583630
