fold,DSC,IOU,clDice,1-Betti
1,0.841076,0.725966,0.837955,2.289630
2,0.846667,0.734188,0.857749,1.680741
3,0.811500,0.683190,0.833427,1.940000
4,0.804499,0.673253,0.840926,1.330370
5,0.810589,0.682041,0.847306,0.934444
average,0.822866,0.699727,0.843473,1.635037
