fold,DSC,IOU,ACC,PREC
1,0.897858,0.827883,0.959935,0.915495
2,0.894341,0.825735,0.958189,0.898231
3,0.899778,0.832977,0.964376,0.902862
4,0.892455,0.823413,0.956186,0.900963
5,0.894462,0.825014,0.964473,0.890385
average,0.895779,0.827004,0.960632,0.901587
