fold,DSC,IOU,ACC,PREC
1,0.901769,0.832811,0.961827,0.918445
2,0.899463,0.835643,0.962527,0.917499
3,0.904397,0.837675,0.963973,0.909971
4,0.900744,0.833832,0.959541,0.900452
5,0.900900,0.832507,0.963667,0.887093
average,0.901455,0.834494,0.962307,0.906692
