fold,DSC,IOU,clDice,1-Betti
1,0.818468,0.692945,0.812963,2.320741
2,0.814606,0.687449,0.839293,1.678519
3,0.789202,0.652080,0.831888,1.934074
4,0.761754,0.615420,0.823825,1.347407
5,0.761756,0.615714,0.836335,0.735556
average,0.789157,0.652722,0.828861,1.603259
