fold,DSC,IOU,clDice,1-Betti
1,0.844948,0.731687,0.844617,2.240741
2,0.847337,0.735232,0.855903,1.772593
3,0.819763,0.694915,0.833178,1.928889
4,0.802565,0.670537,0.822644,1.518519
5,0.802203,0.670006,0.831781,0.793333
average,0.823363,0.700475,0.837624,1.650815
