fold,DSC,IOU,ACC,PREC
1,0.899234,0.829332,0.959634,0.902867
2,0.899597,0.836279,0.961531,0.903875
3,0.906023,0.839871,0.964272,0.901147
4,0.884035,0.813503,0.949891,0.873650
5,0.893425,0.824942,0.961629,0.899841
average,0.896463,0.828785,0.959391,0.896276
