fold,DSC,IOU,ACC,PREC
1,0.893968,0.821477,0.957345,0.914395
2,0.896176,0.831008,0.959549,0.914704
3,0.897793,0.830080,0.959355,0.894626
4,0.886210,0.816157,0.954718,0.906268
5,0.893009,0.823024,0.963130,0.884532
average,0.893431,0.824349,0.958820,0.902905
