fold,DSC,IOU,ACC,PREC
1,0.892430,0.819965,0.956718,0.893579
2,0.894528,0.827560,0.960297,0.904800
3,0.901443,0.835390,0.958719,0.896021
4,0.888990,0.820005,0.954118,0.905547
5,0.896533,0.829785,0.964594,0.896096
average,0.894785,0.826541,0.958889,0.899209
