fold,DSC,IOU,clDice,1-Betti
1,0.842111,0.727497,0.835113,2.414815
2,0.850667,0.740251,0.859057,1.751111
3,0.822025,0.698155,0.839653,1.931111
4,0.804010,0.672553,0.842982,1.257037
5,0.807501,0.677559,0.835940,1.070000
average,0.825263,0.703203,0.842549,1.684815
