fold,DSC,IOU,ACC,PREC
1,0.899488,0.829851,0.959341,0.916116
2,0.898941,0.833828,0.961568,0.898471
3,0.905045,0.839953,0.966119,0.922991
4,0.898266,0.830861,0.958323,0.893047
5,0.902437,0.835915,0.965659,0.909923
average,0.900835,0.834082,0.962202,0.908110
