fold,DSC,IOU,clDice,1-Betti
1,0.844929,0.731669,0.842972,2.254074
2,0.851839,0.742032,0.864839,1.628889
3,0.819561,0.694701,0.836248,1.969630
4,0.804767,0.673570,0.833305,1.355556
5,0.805746,0.675182,0.845729,0.730000
average,0.825368,0.703431,0.844619,1.587630
